#,Domain,Found At
1,1001games.com,2026-06-11 16:34:25
2,1xbet.com,2026-06-11 16:34:25
3,1xbet.com.gh,2026-06-11 16:34:25
4,1xbet.com.ph,2026-06-11 16:34:25
5,1xbet.kz,2026-06-11 16:34:25
6,1xmobi.com,2026-06-11 16:34:25
7,22bet-vietnam.com,2026-06-11 16:34:25
8,22bet.center,2026-06-11 16:34:25
9,22bet.co.ke,2026-06-11 16:34:25
10,22bet.com,2026-06-11 16:34:25
11,22bet.online,2026-06-11 16:34:25
12,22betfun.com,2026-06-11 16:34:25
13,22betonline.com,2026-06-11 16:34:25
14,22betvn.com,2026-06-11 16:34:25
15,247blackjack.com,2026-06-11 16:34:25
16,247freepoker.com,2026-06-11 16:34:25
17,247games.com,2026-06-11 16:34:25
18,247roulette.org,2026-06-11 16:34:25
19,3dmgame.com,2026-06-11 16:34:25
20,52pojie.cn,2026-06-11 16:34:25
21,888casino.com,2026-06-11 16:34:25
22,about.youtube,2026-06-11 16:34:25
23,acrobat.adobe.com,2026-06-11 16:34:25
24,agents.allstate.com,2026-06-11 16:34:25
25,ali213.net,2026-06-11 16:34:25
26,allbritishcasino.com,2026-06-11 16:34:25
27,amazon.co.jp,2026-06-11 16:34:25
28,android-youtube.andro.io,2026-06-11 16:34:25
29,antarcticacruises.com,2026-06-11 16:34:25
30,antarvasna3.com,2026-06-11 16:34:25
31,apkpure.com,2026-06-11 16:34:25
32,app.trustd.net,2026-06-11 16:34:25
33,apps.microsoft.com,2026-06-11 16:34:25
34,arkadium.com,2026-06-11 16:34:25
35,asiabet.org,2026-06-11 16:34:25
36,ask.libreoffice.org,2026-06-11 16:34:25
37,atrungroi.com,2026-06-11 16:34:25
38,au.vtc.vn,2026-06-11 16:34:25
39,auth.williamhill.com,2026-06-11 17:00:45
40,baccarat.com,2026-06-11 16:34:25
41,bank-indonesia.com,2026-06-11 16:34:25
42,bemybet.com,2026-06-11 16:34:25
43,bestbettingsites.co.uk,2026-06-11 16:34:25
44,bestcasino.com.sg,2026-06-11 16:34:25
45,bestexpress.vn,2026-06-11 16:34:25
46,bestonlinecasino.com,2026-06-11 16:34:25
47,bet365.com,2026-06-11 16:34:25
48,bet365.com.au,2026-06-11 16:34:25
49,bet365.de,2026-06-11 16:34:25
50,bet365.dk,2026-06-11 16:34:25
51,bet365.es,2026-06-11 16:34:25
52,bet365.gr,2026-06-11 16:34:25
53,bet365.it,2026-06-11 16:34:25
54,betfair.com,2026-06-11 16:34:25
55,betfaircasino.co,2026-06-11 16:34:25
56,betonline-casino.com,2026-06-11 16:34:25
57,betonline.ag,2026-06-11 16:34:25
58,betonline.net,2026-06-11 16:34:25
59,betonlinemobilecasino.com,2026-06-11 16:34:25
60,betsonline.com,2026-06-11 16:34:25
61,betting.co.uk,2026-06-11 16:34:25
62,bettingranker.com,2026-06-11 16:34:25
63,betway-luck.com,2026-06-11 16:34:25
64,betway.co.mz,2026-06-11 16:34:25
65,betway.co.za,2026-06-11 16:34:25
66,betway.com,2026-06-11 16:34:25
67,betway.de,2026-06-11 16:34:25
68,betway.eu.com,2026-06-11 16:34:25
69,betwayscores.com,2026-06-11 16:34:25
70,bikewale.com,2026-06-11 16:34:25
71,binarymath.net,2026-06-11 16:34:25
72,bingoblitz.com,2026-06-11 16:34:25
73,bitcasino.io,2026-06-11 16:34:25
74,bitcoin.com,2026-06-11 16:34:25
75,bitcoin.org,2026-06-11 16:34:25
76,blackjack.com,2026-06-11 16:34:25
77,blackjacksimulator.net,2026-06-11 16:34:25
78,blockonomi.com,2026-06-11 16:34:25
79,blog.youtube,2026-06-11 16:34:25
80,bloob.io,2026-06-11 16:34:25
81,bojoko.com,2026-06-11 16:34:25
82,bookie.broker,2026-06-11 16:34:25
83,boring-tool.com,2026-06-11 16:34:25
84,bovada.lv,2026-06-11 16:34:25
85,brainplay.com,2026-06-11 16:34:25
86,brighterly.com,2026-06-11 16:34:25
87,bts.fandom.com,2026-06-11 16:34:25
88,business.facebook.com,2026-06-11 16:34:25
89,bvtmobile.com,2026-06-11 16:34:25
90,bwin-luck.com,2026-06-11 16:34:25
91,bwin.be,2026-06-11 16:34:25
92,bwin.com,2026-06-11 16:34:25
93,cafef.vn,2026-06-11 16:34:25
94,caisse-epargne-loirecentre.fr,2026-06-11 16:34:25
95,caisse-epargne.fr,2026-06-11 16:34:25
96,calculator.net,2026-06-11 16:34:25
97,cardgames.com,2026-06-11 16:34:25
98,cardplayer.com,2026-06-11 16:34:25
99,casino.com,2026-06-11 16:34:25
100,casino.guru,2026-06-11 16:34:25
101,casino.help,2026-06-11 16:34:25
102,casino.netbet.co.uk,2026-06-11 16:34:25
103,casino.online,2026-06-11 16:34:25
104,casino.org,2026-06-11 16:34:25
105,casino.us,2026-06-11 16:34:25
106,casinobeats.com,2026-06-11 16:34:25
107,casinocorona.vn,2026-06-11 16:34:25
108,casinoencyclopedia.com,2026-06-11 16:34:25
109,casinologia.com,2026-06-11 16:34:25
110,casinorating.com,2026-06-11 16:34:25
111,casinos.org.uk,2026-06-11 16:34:25
112,casumo.com,2026-06-11 16:34:25
113,cellphones.com.vn,2026-06-11 16:34:25
114,chromewebstore.google.com,2026-06-11 16:34:25
115,citypopulation.de,2026-06-11 16:34:25
116,classroom.google.com,2026-06-11 16:34:25
117,cn-betfair.com,2026-06-11 16:34:25
118,cn-fanduel.com,2026-06-11 16:34:25
119,cns-betfair.com,2026-06-11 16:34:25
120,codegenes.net,2026-06-11 16:34:25
121,coinbase.com,2026-06-11 16:34:25
122,coingecko.com,2026-06-11 16:34:25
123,coinmarketcap.com,2026-06-11 16:34:25
124,concepto.de,2026-06-11 16:34:25
125,coololdgames.com,2026-06-11 16:34:25
126,correctwording.com,2026-06-11 16:34:25
127,creatures.com,2026-06-11 16:34:25
128,cryptocasino.com,2026-06-11 16:34:25
129,cryptocasinos.com,2026-06-11 16:34:25
130,cryptomaniaks.com,2026-06-11 16:34:25
131,cryptonews.com,2026-06-11 16:34:25
132,cryptoslate.com,2026-06-11 16:34:25
133,crystalsymphony.co.th,2026-06-11 16:34:25
134,cuemath.com,2026-06-11 16:34:25
135,dafont.com,2026-06-11 16:34:25
136,daftarperusahaan.com,2026-06-11 16:34:25
137,dahsing.com,2026-06-11 16:34:25
138,dailysports.net,2026-06-11 16:34:25
139,databricks.com,2026-06-11 16:34:25
140,depositphotos.com,2026-06-11 16:34:25
141,detail.chiebukuro.yahoo.co.jp,2026-06-11 16:34:25
142,detik.com,2026-06-11 16:34:25
143,developers.google.com,2026-06-11 16:34:25
144,devforum.roblox.com,2026-06-11 16:34:25
145,dhakapost.com,2026-06-11 16:34:25
146,dhakatribune.com,2026-06-11 16:34:25
147,dictionary.net,2026-06-11 16:34:25
148,dictionary.zim.vn,2026-06-11 16:34:25
149,digishop.vnpt.vn,2026-06-11 16:34:25
150,dinajpurnews.com,2026-06-11 16:34:25
151,docs.github.com,2026-06-11 16:34:25
152,download-apps.williamhill.com,2026-06-11 17:00:45
153,download.cnet.com,2026-06-11 16:34:25
154,draconika.com,2026-06-11 16:34:25
155,draftkings.com,2026-06-11 16:34:25
156,dragon.nuance.com,2026-06-11 16:34:25
157,dragonelectronics.mu,2026-06-11 16:34:25
158,dragonfi.ph,2026-06-11 16:34:25
159,dreamstime.com,2026-06-11 16:34:25
160,electrical4u.com,2026-06-11 16:34:25
161,elevenforum.com,2026-06-11 16:34:25
162,en-draftkingscasino.com,2026-06-11 16:34:25
163,en-draftkingssportsbook.com,2026-06-11 16:34:25
164,en-fanduel.com,2026-06-11 16:34:25
165,en-pokerstars.com,2026-06-11 16:34:25
166,en-us-fanduel.com,2026-06-11 16:34:25
167,en.gameslol.net,2026-06-11 16:34:25
168,en.m.wikipedia.org,2026-06-11 16:34:25
169,en.wiktionary.org,2026-06-11 16:34:25
170,enciclopediauniversal.com,2026-06-11 16:34:25
171,eng-betonline.com,2026-06-11 16:34:25
172,eng-betway.com,2026-06-11 16:34:25
173,eng-unibet.com,2026-06-11 16:34:25
174,english.nepalnews.com,2026-06-11 16:34:25
175,english.onlinekhabar.com,2026-06-11 16:34:25
176,englishgrammar.org,2026-06-11 16:34:25
177,engoo.com.tw,2026-06-11 16:34:25
178,es.m.wikipedia.org,2026-06-11 16:34:25
179,esports.gg,2026-06-11 16:34:25
180,excitecebu.ptn.com.ph,2026-06-11 16:34:25
181,extranet2.caisse-epargne.fr,2026-06-11 16:34:25
182,fanduel.ca,2026-06-11 16:34:25
183,fanduel.com,2026-06-11 16:34:25
184,fanduel.us.com,2026-06-11 16:34:25
185,fconline.member.garena.vn,2026-06-11 16:34:25
186,ff.garena.com,2026-06-11 16:34:25
187,finance.vietstock.vn,2026-06-11 16:34:25
188,finesentence.com,2026-06-11 16:34:25
189,flashscore.com,2026-06-11 16:34:25
190,forms.office.com,2026-06-11 16:34:25
191,forms.office.com.mcas.ms,2026-06-11 16:34:25
192,forum.openoffice.org,2026-06-11 16:34:25
193,forums.commentcamarche.net,2026-06-11 16:34:25
194,fotmob.com,2026-06-11 16:34:25
195,fpt-telecom.com.vn,2026-06-11 16:34:25
196,fptplay.vn,2026-06-11 16:34:25
197,fptshop.com.vn,2026-06-11 16:34:25
198,fr.wikipedia.org,2026-06-11 16:34:25
199,freefire-garena.com,2026-06-11 16:34:25
200,freegames.org,2026-06-11 16:34:25
201,freeslots.com,2026-06-11 16:34:25
202,friv.com,2026-06-11 16:34:25
203,funnygames.org,2026-06-11 16:34:25
204,futbol24.com,2026-06-11 16:34:25
205,gadgets.beebom.com,2026-06-11 16:34:25
206,gambling.com,2026-06-11 16:34:25
207,gamblingauthority.org,2026-06-11 16:34:25
208,gamblingpro.co,2026-06-11 16:34:25
209,gamblingsage.org,2026-06-11 16:34:25
210,games.washingtonpost.com,2026-06-11 16:34:25
211,gamesgames.com,2026-06-11 16:34:25
212,gameshub.com,2026-06-11 16:34:25
213,geeksforgeeks.org,2026-06-11 16:34:25
214,genius.com,2026-06-11 16:34:25
215,get.adobe.com,2026-06-11 16:34:25
216,getbets.us,2026-06-11 16:34:25
217,ggpoker.com,2026-06-11 16:34:25
218,gigacalculator.com,2026-06-11 16:34:25
219,gisqatar.org.qa,2026-06-11 16:34:25
220,global.bing.com,2026-06-11 16:34:25
221,goldenslot.com,2026-06-11 16:34:25
222,google.play,2026-06-11 16:34:25
223,grammarbook.com,2026-06-11 16:34:25
224,h5-bwin.com.cn,2026-06-11 16:34:25
225,hoanghamobile.com,2026-06-11 16:34:25
226,homelottery.ca,2026-06-11 16:34:25
227,howtogeek.com,2026-06-11 16:34:25
228,humanidades.com,2026-06-11 16:34:25
229,iciba.com,2026-06-11 16:34:25
230,idalamat.com,2026-06-11 16:34:25
231,idfirms.com,2026-06-11 16:34:25
232,ikimonopedia.com,2026-06-11 16:34:25
233,im-bwin.com.cn,2026-06-11 16:34:25
234,imatomiraiblog.com,2026-06-11 16:34:25
235,indonesia.worldplaces.me,2026-06-11 16:34:25
236,infinitygambling.com,2026-06-11 16:34:25
237,informations-pratiques.org,2026-06-11 16:34:25
238,insidehalton.com,2026-06-11 16:34:25
239,instant-gaming.com,2026-06-11 16:34:25
240,insuranceagentsnearyou.com,2026-06-11 16:34:25
241,ir.aboutdraftkings.com,2026-06-11 16:34:25
242,ird.gov.hk,2026-06-11 16:34:25
243,istockphoto.com,2026-06-11 16:34:25
244,ja.wikipedia.org,2026-06-11 16:34:25
245,jackpot.com,2026-06-11 16:34:25
246,jackpotcity.co.za,2026-06-11 16:34:25
247,jackpotcitycasino.com,2026-06-11 16:34:25
248,jeuxvideo.com,2026-06-11 16:34:25
249,jingyan.baidu.com,2026-06-11 16:34:25
250,jobsgo.vn,2026-06-11 16:34:25
251,jp.mercari.com,2026-06-11 16:34:25
252,juvefc.com,2026-06-11 16:34:25
253,kapanlagi.com,2026-06-11 16:34:25
254,kathmandupost.com,2026-06-11 16:34:25
255,kotaku.com,2026-06-11 16:34:25
256,labour.gov.hk,2026-06-11 16:34:25
257,ladbrokes-australia.com,2026-06-11 16:34:25
258,ladbrokes.be,2026-06-11 16:34:25
259,ladbrokes.com,2026-06-11 16:34:25
260,ladbrokes.com.au,2026-06-11 16:34:25
261,ladbrokeshub.be,2026-06-11 16:34:25
262,ladbrokesireland.com,2026-06-11 16:34:25
263,lagged.com,2026-06-11 16:34:25
264,legit.co.za,2026-06-11 16:34:25
265,letsplaybingo.io,2026-06-11 16:34:25
266,lewatmana.com,2026-06-11 16:34:25
267,likee.com,2026-06-11 16:34:25
268,livescore.com,2026-06-11 16:34:25
269,localmint.com,2026-06-11 16:34:25
270,lottery.co.uk,2026-06-11 16:34:25
271,lotteryextreme.com,2026-06-11 16:34:25
272,lotteryguru.com,2026-06-11 16:34:25
273,lotterypost.com,2026-06-11 16:34:25
274,lucky1.lk,2026-06-11 16:34:25
275,m.caisse-epargne.fr,2026-06-11 16:34:25
276,m.lewatmana.com,2026-06-11 16:34:25
277,m.me,2026-06-11 16:34:25
278,m.youtube.com,2026-06-11 16:34:25
279,madformath.com,2026-06-11 16:34:25
280,magayo.com,2026-06-11 16:34:25
281,magnetgambling.com,2026-06-11 16:34:25
282,mail.services.live.com,2026-06-11 16:34:25
283,main-betfair.com,2026-06-11 16:34:25
284,main-draftkings.com,2026-06-11 17:00:45
285,makeuseof.com,2026-06-11 16:34:25
286,mansyu.co.jp,2026-06-11 16:34:25
287,mapquest.com,2026-06-11 16:34:25
288,maps.google.com,2026-06-11 16:34:25
289,maps.moi.gov.qa,2026-06-11 16:34:25
290,marketplace.microsoft.com,2026-06-11 16:34:25
291,mathmonks.com,2026-06-11 16:34:25
292,mathsisfun.com,2026-06-11 16:34:25
293,mathworld.wolfram.com,2026-06-11 16:34:25
294,meccabingo.com,2026-06-11 16:34:25
295,meet.google.com,2026-06-11 16:34:25
296,mentalfloss.com,2026-06-11 16:34:25
297,messenger.com,2026-06-11 16:34:25
298,microsoft-visio.en.softonic.com,2026-06-11 16:34:25
299,microsoft-visio.en.uptodown.com,2026-06-11 16:34:25
300,mightytips.com,2026-06-11 16:34:25
301,minhchinh.com,2026-06-11 16:34:25
302,minhtuanmobile.com,2026-06-11 16:34:25
303,minimumfashion.com,2026-06-11 16:34:25
304,mississauga.ca,2026-06-11 16:34:25
305,mobifone.vn,2026-06-11 16:34:25
306,mobilecity.vn,2026-06-11 16:34:25
307,mobileworld.com.vn,2026-06-11 16:34:25
308,moneycheck.com,2026-06-11 16:34:25
309,monkey.edu.vn,2026-06-11 16:34:25
310,movies.youtube.com,2026-06-11 16:34:25
311,mrmrsenglish.com,2026-06-11 16:34:25
312,msn.com,2026-06-11 16:34:25
313,murakichi.net,2026-06-11 16:34:25
314,music.youtube.com,2026-06-11 16:34:25
315,myaccount.paddypower.com,2026-06-11 16:34:25
316,mydramalist.com,2026-06-11 16:34:25
317,myfreebingocards.com,2026-06-11 16:34:25
318,myinstants.com,2026-06-11 16:34:25
319,mysticalnumbers.com,2026-06-11 16:34:25
320,mystore411.com,2026-06-11 16:34:25
321,mythology.net,2026-06-11 16:34:25
322,mywilliamhillapp.com,2026-06-11 16:34:25
323,national-lottery.co.uk,2026-06-11 16:34:25
324,national-lottery.com,2026-06-11 16:34:25
325,nationalgeographic.com,2026-06-11 16:34:25
326,nationalgeographicla.com,2026-06-11 16:34:25
327,news.com.au,2026-06-11 16:34:25
328,news.google.com,2026-06-11 16:34:25
329,news.youtube.com,2026-06-11 16:34:25
330,newworldencyclopedia.org,2026-06-11 16:34:25
331,nex191.co,2026-06-11 16:34:25
332,nhaccuatui.com,2026-06-11 16:34:25
333,nic.williamhill,2026-06-11 16:34:25
334,note.com,2026-06-11 16:34:25
335,numbermatics.com,2026-06-11 16:34:25
336,oasisgambling.com,2026-06-11 16:34:25
337,odc.officeapps.live.com,2026-06-11 16:34:25
338,oddschecker.com,2026-06-11 16:34:25
339,oed.com,2026-06-11 16:34:25
340,office.com,2026-06-11 16:34:25
341,officialgamerules.org,2026-06-11 16:34:25
342,okslot.app,2026-06-11 16:34:25
343,olbg.com,2026-06-11 16:34:25
344,olg.ca,2026-06-11 16:34:25
345,omnicalculator.com,2026-06-11 16:34:25
346,on.pokerstars.ca,2026-06-11 16:34:25
347,onbit.vn,2026-06-11 16:34:25
348,one.google.com,2026-06-11 16:34:25
349,onlinecasino.com.sg,2026-06-11 16:34:25
350,onlinecasinoreports.sg,2026-06-11 16:34:25
351,onlinecasinostoday.sg,2026-06-11 16:34:25
352,onlinegamblingme.com,2026-06-11 16:34:25
353,onlinekhabar.com,2026-06-11 16:34:25
354,onlinenepal.com,2026-06-11 16:34:25
355,onlineslots.com,2026-06-11 16:34:25
356,opengambling.co,2026-06-11 16:34:25
357,orbitskyline.com,2026-06-11 16:34:25
358,outlook.live.com,2026-06-11 16:34:25
359,outlook.office.com,2026-06-11 16:34:25
360,outlook.office365.com,2026-06-11 16:34:25
361,oxfordlearnersdictionaries.com,2026-06-11 16:34:25
362,oxfordlearnersdictionaries.com...,2026-06-11 16:34:25
363,paddy-power.ie,2026-06-11 16:34:25
364,paddypower-official.com,2026-06-11 16:34:25
365,paddypower.com,2026-06-11 16:34:25
366,paddypowerbets.com,2026-06-11 16:34:25
367,paddypowerweb.com,2026-06-11 16:34:25
368,pai.com,2026-06-11 16:34:25
369,pai.org,2026-06-11 16:34:25
370,paipartners.com,2026-06-11 16:34:25
371,paises.org,2026-06-11 16:34:25
372,paiskincare.com,2026-06-11 16:34:25
373,partypoker.com,2026-06-11 16:34:25
374,patch.ali213.net,2026-06-11 16:34:25
375,pexels.com,2026-06-11 16:34:25
376,photocollage.com,2026-06-11 16:34:25
377,photos.google.com,2026-06-11 16:34:25
378,pixabay.com,2026-06-11 16:34:25
379,play-betonline.com,2026-06-11 16:34:25
380,play-ladbrokescasino.com,2026-06-11 16:34:25
381,play-paddypower.com,2026-06-11 16:34:25
382,play-williamhill.org,2026-06-11 16:34:25
383,play.google.com,2026-06-11 16:34:25
384,playgama.com,2026-06-11 16:34:25
385,playhop.com,2026-06-11 16:34:25
386,playpager.com,2026-06-11 16:34:25
387,playpokergo.com,2026-06-11 16:34:25
388,playwsop.com,2026-06-11 16:34:25
389,plex.tv,2026-06-11 16:34:25
390,pokerist.com,2026-06-11 16:34:25
391,pokerology.com,2026-06-11 16:34:25
392,pokerpatio.com,2026-06-11 16:34:25
393,pokerstars.com,2026-06-11 16:34:25
394,pokerstars.es,2026-06-11 16:34:25
395,pokerstars.fr,2026-06-11 16:34:25
396,pokerstars.in,2026-06-11 16:34:25
397,pokerstars.pt,2026-06-11 16:34:25
398,pokerstars.uk,2026-06-11 16:34:25
399,powerball.com,2026-06-11 16:34:25
400,powerelectronicsnews.com,2026-06-11 16:34:25
401,prepedu.com,2026-06-11 16:34:25
402,primevideo.com,2026-06-11 16:34:25
403,princessmargaretlotto.com,2026-06-11 16:34:25
404,progressive.com,2026-06-11 16:34:25
405,progressiveagent.com,2026-06-11 16:34:25
406,progressivecommercial.com,2026-06-11 16:34:25
407,progressivedirect.homesite.com,2026-06-11 16:34:25
408,prothomalo.com,2026-06-11 16:34:25
409,proyectoviajero.com,2026-06-11 16:34:25
410,qnas.qa,2026-06-11 16:34:25
411,quantrimang.com,2026-06-11 16:34:25
412,rappler.com,2026-06-11 16:34:25
413,ratingbet.com,2026-06-11 16:34:25
414,rdsic.edu.vn,2026-06-11 16:34:25
415,remotedesktop.google.com,2026-06-11 16:34:25
416,research.ibm.com,2026-06-11 16:34:25
417,rich-bwin.com.cn,2026-06-11 16:34:25
418,rohm.com,2026-06-11 16:34:25
419,roulette77.com,2026-06-11 16:34:25
420,roulettesimulator.net,2026-06-11 16:34:25
421,rprepository.com,2026-06-11 16:34:25
422,rsg-games.com,2026-06-11 16:34:25
423,sas.com,2026-06-11 16:34:25
424,sbobet.com,2026-06-11 16:34:25
425,sbobetcity.com,2026-06-11 16:34:25
426,sbobetvn.cc,2026-06-11 16:34:25
427,sbotop.com,2026-06-11 16:34:25
428,seekqatar.com,2026-06-11 16:34:25
429,seiburailway.jp,2026-06-11 16:34:25
430,sejda.com,2026-06-11 16:34:25
431,sgcasinoinsider.com,2026-06-11 16:34:25
432,sharepointdiary.com,2026-06-11 16:34:25
433,shop.mango.com,2026-06-11 16:34:25
434,shopee.vn,2026-06-11 16:34:25
435,sic.pt,2026-06-11 16:34:25
436,siccode.com,2026-06-11 16:34:25
437,signup.live.com,2026-06-11 16:34:25
438,simple.wikipedia.org,2026-06-11 16:34:25
439,skysports.com,2026-06-11 16:34:25
440,slotomania.com,2026-06-11 16:34:25
441,slotorama.com,2026-06-11 16:34:25
442,smartbettingguide.com,2026-06-11 16:34:25
443,softwarekeep.com,2026-06-11 16:34:25
444,somuchpoker.com,2026-06-11 16:34:25
445,southen.cwb.gov.tw,2026-06-11 16:34:25
446,splashlearn.com,2026-06-11 16:34:25
447,sports.ndtv.com,2026-06-11 16:34:25
448,sports.williamhill.com,2026-06-11 16:34:25
449,sportsbet.com.au,2026-06-11 16:34:25
450,sportsbetting.ag,2026-06-11 16:34:25
451,sportsbook.draftkings.com,2026-06-11 16:34:25
452,sportsbook.fanduel.com,2026-06-11 16:34:25
453,ssl-betfair.com,2026-06-11 16:34:25
454,stake.com,2026-06-11 16:34:25
455,store.google.com,2026-06-11 16:34:25
456,store.steampowered.com,2026-06-11 16:34:25
457,studytienganh.vn,2026-06-11 16:34:25
458,support.google.com,2026-06-11 16:34:25
459,support.microsoft.com,2026-06-11 16:34:25
460,support.zoom.com,2026-06-11 16:34:25
461,tbsradio.jp,2026-06-11 16:34:25
462,teachablemachine.withgoogle.com,2026-06-11 16:34:25
463,techlicious.com,2026-06-11 16:34:25
464,techspot.com,2026-06-11 16:34:25
465,teen-chat.org,2026-06-11 16:34:25
466,teenink.com,2026-06-11 16:34:25
467,teenvogue.com,2026-06-11 16:34:25
468,tesseract-ocr.github.io,2026-06-11 16:34:25
469,tesseractocr.org,2026-06-11 16:34:25
470,th.investing.com,2026-06-11 16:34:25
471,thebeststore.vn,2026-06-11 16:34:25
472,thedhakaxpress.com,2026-06-11 16:34:25
473,thefreedictionary.com,2026-06-11 16:34:25
474,theresanaiforthat.com,2026-06-11 16:34:25
475,tieba.baidu.com,2026-06-11 16:34:25
476,tinhte.vn,2026-06-11 16:34:25
477,top100bookmakers.com,2026-06-11 16:34:25
478,top10casinos.com,2026-06-11 16:34:25
479,topcv.vn,2026-06-11 16:34:25
480,tradingview.com,2026-06-11 16:34:25
481,translate.google.com,2026-06-11 16:34:25
482,tratu.soha.vn,2026-06-11 16:34:25
483,travel.co.jp,2026-06-11 16:34:25
484,trusted.org.uk,2026-06-11 16:34:25
485,trustedglobal.com,2026-06-11 16:34:25
486,trustedinstitute.com,2026-06-11 16:34:25
487,tsports.com,2026-06-11 16:34:25
488,tutorialspoint.com,2026-06-11 16:34:25
489,tw.stock.yahoo.com,2026-06-11 16:34:25
490,ultraviolette.com,2026-06-11 16:34:25
491,unibet.be,2026-06-11 16:34:25
492,unibet.co.uk,2026-06-11 16:34:25
493,unibet.com,2026-06-11 16:34:25
494,unibet.eu.com,2026-06-11 16:34:25
495,unibet.mt,2026-06-11 16:34:25
496,unibet.nl,2026-06-11 16:34:25
497,unibet.se,2026-06-11 16:34:25
498,unibetcasinos.com,2026-06-11 16:34:25
499,uptogo.com.tw,2026-06-11 16:34:25
500,us-betway.com,2026-06-11 16:34:25
501,us-progressiveinsurance.com,2026-06-11 16:34:25
502,usdictionary.com,2026-06-11 16:34:25
503,usnews.com,2026-06-11 16:34:25
504,vegas.com,2026-06-11 16:34:25
505,vegas.williamhill.com,2026-06-11 17:00:45
506,vegascreativesoftware.com,2026-06-11 16:34:25
507,vegasinsider.com,2026-06-11 16:43:09
508,vegasslotsonline.com,2026-06-11 16:34:25
509,vi-sbobet.com,2026-06-11 16:34:25
510,visitlasvegas.com,2026-06-11 16:34:25
511,vn-sbobet.com,2026-06-11 16:34:25
512,vn.casinomentor.com,2026-06-11 16:34:25
513,w3schools.com,2026-06-11 16:34:25
514,wa.me,2026-06-11 16:34:25
515,wanderboat.ai,2026-06-11 16:34:25
516,web.whatsapp.com,2026-06-11 16:34:25
517,weblio.jp,2026-06-11 16:34:25
518,webs-fanduel.com,2026-06-11 16:34:25
519,wemod.com,2026-06-11 16:34:25
520,whereorg.com,2026-06-11 16:34:25
521,wikiwand.com,2026-06-11 16:34:25
522,william-hill-play.com,2026-06-11 16:34:25
523,william-hill.eu.eophcp.com:8443,2026-06-11 16:34:25
524,williamhill.com,2026-06-11 16:34:25
525,williamhill.us,2026-06-11 16:34:25
526,wizardofodds.com,2026-06-11 16:34:25
527,workspace.google.com,2026-06-11 16:34:25
528,www-sbobet.com,2026-06-11 16:34:25
529,xmodhub.cn,2026-06-11 16:34:25
530,youtube.co.uk,2026-06-11 16:34:25
531,yurugp.jp,2026-06-11 16:34:25
532,zoom.com,2026-06-11 16:34:25
533,zoom.en.softonic.com,2026-06-11 16:34:25
534,zoom.us,2026-06-11 16:34:25
535,zoomgov.com,2026-06-11 16:34:25
536,zyngaplay.com,2026-06-11 16:34:25
537,zyngapoker.com,2026-06-11 16:34:25
